client_id,session_id,session_text,client_goal,pending_action,sensitive_text,consent_summary,consent_goal,consent_pending_action,consent_sensitive,recommended_role,relevance_label,sensitivity_label
C002,S001,Chat session: Youth reported persistent sleep issues related to school stress and requested a follow-up coping plan. (Ref code: #101),Develop structured study schedule and stress reduction techniques.,No pending action recorded.,General inquiry regarding routine stress management techniques.,Yes,No,No,No,Counsellor,1,0
C003,S002,[Voice Transcript] Client reported feeling overwhelmed by parental expectations and requested stress reduction strategies. (Ref code: #102),Develop structured study schedule and stress reduction techniques.,Re-evaluate progress in next scheduled chat session on Friday.,Publicly available resource request regarding study strategies.,No,No,Yes,No,Counsellor,1,0
C004,S003,[Voice Transcript] Client reported feeling overwhelmed by parental expectations and requested stress reduction strategies. (Ref code: #103),Improve sleep hygiene and practice grounding exercises daily.,No pending action recorded.,Shared confidential personal diary notes detailing deep emotional distress.,Yes,Yes,Yes,Yes,Counsellor,1,1
C005,S004,Chat session: Client sent accidental greetings and disconnected after 10 seconds.,No specific long-term goal established.,No pending action recorded.,General inquiry regarding routine stress management techniques.,Yes,Yes,Yes,No,Social Worker,0,0
C006,S005,[Voice Transcript] Youth expressed feelings of isolation after moving to a new college campus and inquired about social clubs. (Ref code: #105),Develop structured study schedule and stress reduction techniques.,Contact school guidance department with client consent.,General inquiry regarding routine stress management techniques.,Yes,Yes,Yes,No,Counsellor,1,0
C007,S006,[Voice Transcript] Youth expressed feelings of isolation after moving to a new college campus and inquired about social clubs. (Ref code: #106),Develop structured study schedule and stress reduction techniques.,Re-evaluate progress in next scheduled chat session on Friday.,Sensitive discussion regarding personal identity struggles and confidential family matters.,Yes,Yes,Yes,Yes,Counsellor,1,1
C008,S007,Chat session: Youth reported persistent sleep issues related to school stress and requested a follow-up coping plan. (Ref code: #107),Develop structured study schedule and stress reduction techniques.,No pending action recorded.,Standard academic planning conversation without sensitive personal disclosures.,Yes,Yes,Yes,No,Counsellor,1,0
C009,S008,Chat session: Client submitted blank messages repeatedly followed by a question about helpline hiring.,No specific long-term goal established.,General follow-up.,General inquiry regarding routine stress management techniques.,Yes,Yes,Yes,No,Counsellor,0,0
C010,S009,Chat session: Youth reported persistent sleep issues related to school stress and requested a follow-up coping plan. (Ref code: #109),Practice assertive communication with parents regarding academic choices.,No pending action recorded.,Detailed private disclosure regarding past family dispute and personal medical treatment.,Yes,Yes,Yes,No,Counsellor,1,1
C011,S010,[Voice Transcript] Client reported feeling overwhelmed by parental expectations and requested stress reduction strategies. (Ref code: #110),Improve sleep hygiene and practice grounding exercises daily.,No pending action recorded.,General inquiry regarding routine stress management techniques.,Yes,Yes,Yes,No,Social Worker,1,0
C012,S011,Chat session: Discussed conflict resolution with peers. Client set a target goal to talk to school counsellor. (Ref code: #111),Connect with peer support network and local community youth group.,Contact school guidance department with client consent.,No sensitive personal history disclosed during session.,Yes,Yes,Yes,No,Social Worker,1,0
C013,S012,[Voice Transcript] Brief connection test; client confirmed audio quality and thanked the operator.,No specific long-term goal established.,No pending action recorded.,Disclosed highly personal family hardship and past psychological treatment history.,Yes,No,Yes,Yes,Counsellor,0,1
C014,S013,Chat session: Client wanted resources for grief support following the recent loss of a grandparent. (Ref code: #113),Connect with peer support network and local community youth group.,Re-evaluate progress in next scheduled chat session on Friday.,Publicly available resource request regarding study strategies.,Yes,Yes,No,No,Social Worker,1,0
C015,S014,[Voice Transcript] Client called Helpline regarding severe exam anxiety and academic burnout. Discussed time management techniques. (Ref code: #114),Access bereavement counselling resources and guidance.,Follow-up check-in call scheduled for next Tuesday at 3:00 PM.,Standard academic planning conversation without sensitive personal disclosures.,Yes,Yes,Yes,No,Social Worker,1,0
C016,S015,[Voice Transcript] Youth expressed feelings of isolation after moving to a new college campus and inquired about social clubs. (Ref code: #115),Practice assertive communication with parents regarding academic choices.,Provide list of local youth mental health support drop-in centers.,Shared confidential personal diary notes detailing deep emotional distress.,Yes,Yes,Yes,Yes,Counsellor,1,1
C017,S016,[Voice Transcript] Caller inquired about office location and standard operational hours on public holidays.,No specific long-term goal established.,No pending action recorded.,General inquiry regarding routine stress management techniques.,Yes,Yes,Yes,No,Social Worker,0,0
C018,S017,[Voice Transcript] Client called Helpline regarding severe exam anxiety and academic burnout. Discussed time management techniques. (Ref code: #117),Build a weekly routine balancing part-time employment and study.,No pending action recorded.,General inquiry regarding routine stress management techniques.,Yes,Yes,Yes,No,Social Worker,1,0
C019,S018,[Voice Transcript] Client requested assistance connecting with youth mentorship programs and academic tutoring resources. (Ref code: #118),Access bereavement counselling resources and guidance.,No pending action recorded.,Shared confidential personal diary notes detailing deep emotional distress.,Yes,Yes,Yes,Yes,Counsellor,1,1
C020,S019,[Voice Transcript] Client reported feeling overwhelmed by parental expectations and requested stress reduction strategies. (Ref code: #119),Develop structured study schedule and stress reduction techniques.,Re-evaluate progress in next scheduled chat session on Friday.,General inquiry regarding routine stress management techniques.,Yes,No,Yes,No,Counsellor,1,0
C021,S020,Chat session: Client commented on the weather and tested if the chat service was live.,No specific long-term goal established.,General follow-up.,Standard academic planning conversation without sensitive personal disclosures.,Yes,Yes,No,No,Social Worker,0,0
C022,S021,Chat session: Youth reported persistent sleep issues related to school stress and requested a follow-up coping plan. (Ref code: #121),Access bereavement counselling resources and guidance.,Re-evaluate progress in next scheduled chat session on Friday.,Detailed private disclosure regarding past family dispute and personal medical treatment.,Yes,Yes,Yes,No,Counsellor,1,1
C023,S022,Chat session: Client wanted resources for grief support following the recent loss of a grandparent. (Ref code: #122),Connect with peer support network and local community youth group.,Send digital mindfulness guide and grounding exercise PDF via email.,Standard academic planning conversation without sensitive personal disclosures.,Yes,Yes,Yes,No,Social Worker,1,0
C024,S023,[Voice Transcript] Client reported feeling overwhelmed by parental expectations and requested stress reduction strategies. (Ref code: #123),Connect with peer support network and local community youth group.,Follow-up check-in call scheduled for next Tuesday at 3:00 PM.,Standard academic planning conversation without sensitive personal disclosures.,Yes,Yes,Yes,No,Social Worker,1,0
C025,S024,[Voice Transcript] Caller asked for technical support regarding their mobile phone settings.,No specific long-term goal established.,General follow-up.,Client disclosed private personal health history and emotional trauma details.,Yes,Yes,Yes,No,Counsellor,0,1
C001,S025,Chat session: Client sought guidance on managing panic symptoms during class presentations. Practiced deep breathing exercises. (Ref code: #125),Schedule follow-up meeting with school social worker.,No pending action recorded.,Publicly available resource request regarding study strategies.,Yes,No,Yes,No,Counsellor,1,0
C002,S026,Chat session: Client asked for advice on balancing part-time work with high school assignments and setting healthy boundaries. (Ref code: #126),Improve sleep hygiene and practice grounding exercises daily.,Provide list of local youth mental health support drop-in centers.,Publicly available resource request regarding study strategies.,Yes,No,Yes,No,Social Worker,1,0
C003,S027,Chat session: Client asked for advice on balancing part-time work with high school assignments and setting healthy boundaries. (Ref code: #127),Access bereavement counselling resources and guidance.,No pending action recorded.,Client disclosed private personal health history and emotional trauma details.,Yes,Yes,No,No,Counsellor,1,1
C004,S028,[Voice Transcript] Misdialed number; caller realized mistake and hung up after asking for local bus timing.,No specific long-term goal established.,No pending action recorded.,No sensitive personal history disclosed during session.,Yes,Yes,Yes,No,Social Worker,0,0
C005,S029,[Voice Transcript] Client requested assistance connecting with youth mentorship programs and academic tutoring resources. (Ref code: #129),Connect with peer support network and local community youth group.,Send digital mindfulness guide and grounding exercise PDF via email.,No sensitive personal history disclosed during session.,Yes,Yes,Yes,No,Social Worker,1,0
C006,S030,[Voice Transcript] Client reported feeling overwhelmed by parental expectations and requested stress reduction strategies. (Ref code: #130),Access bereavement counselling resources and guidance.,Follow-up check-in call scheduled for next Tuesday at 3:00 PM.,Client disclosed private personal health history and emotional trauma details.,Yes,Yes,Yes,No,Counsellor,1,1
C007,S031,Chat session: Client sought guidance on managing panic symptoms during class presentations. Practiced deep breathing exercises. (Ref code: #131),Access bereavement counselling resources and guidance.,Provide list of local youth mental health support drop-in centers.,No sensitive personal history disclosed during session.,Yes,No,Yes,No,Counsellor,1,0
C008,S032,[Voice Transcript] Brief connection test; client confirmed audio quality and thanked the operator.,No specific long-term goal established.,General follow-up.,Publicly available resource request regarding study strategies.,Yes,Yes,Yes,No,Counsellor,0,0
C009,S033,[Voice Transcript] Client reported feeling overwhelmed by parental expectations and requested stress reduction strategies. (Ref code: #133),Develop structured study schedule and stress reduction techniques.,No pending action recorded.,Sensitive discussion regarding personal identity struggles and confidential family matters.,No,Yes,Yes,Yes,Counsellor,1,1
C010,S034,[Voice Transcript] Client discussed family communication breakdown and wanted strategies for assertive conversation. (Ref code: #134),Develop structured study schedule and stress reduction techniques.,Re-evaluate progress in next scheduled chat session on Friday.,No sensitive personal history disclosed during session.,Yes,No,No,No,Counsellor,1,0
C011,S035,[Voice Transcript] Youth expressed feelings of isolation after moving to a new college campus and inquired about social clubs. (Ref code: #135),Develop structured study schedule and stress reduction techniques.,Re-evaluate progress in next scheduled chat session on Friday.,Standard academic planning conversation without sensitive personal disclosures.,Yes,No,No,No,Counsellor,1,0
C012,S036,[Voice Transcript] Misdialed number; caller realized mistake and hung up after asking for local bus timing.,No specific long-term goal established.,No pending action recorded.,Detailed private disclosure regarding past family dispute and personal medical treatment.,Yes,Yes,Yes,No,Counsellor,0,1
C013,S037,[Voice Transcript] Client requested assistance connecting with youth mentorship programs and academic tutoring resources. (Ref code: #137),Connect with peer support network and local community youth group.,Contact school guidance department with client consent.,No sensitive personal history disclosed during session.,No,Yes,Yes,No,Social Worker,1,0
C014,S038,[Voice Transcript] Client reported feeling overwhelmed by parental expectations and requested stress reduction strategies. (Ref code: #138),Improve sleep hygiene and practice grounding exercises daily.,Re-evaluate progress in next scheduled chat session on Friday.,General inquiry regarding routine stress management techniques.,Yes,Yes,No,No,Social Worker,1,0
C015,S039,[Voice Transcript] Client requested assistance connecting with youth mentorship programs and academic tutoring resources. (Ref code: #139),Improve sleep hygiene and practice grounding exercises daily.,Provide list of local youth mental health support drop-in centers.,Shared confidential personal diary notes detailing deep emotional distress.,Yes,Yes,Yes,Yes,Counsellor,1,1
C016,S040,Chat session: Client asked if the helpline offers merchandise or stickers.,No specific long-term goal established.,No pending action recorded.,General inquiry regarding routine stress management techniques.,Yes,No,Yes,No,Social Worker,0,0
C017,S041,Chat session: Youth reported persistent sleep issues related to school stress and requested a follow-up coping plan. (Ref code: #141),Build a weekly routine balancing part-time employment and study.,Re-evaluate progress in next scheduled chat session on Friday.,Standard academic planning conversation without sensitive personal disclosures.,Yes,Yes,Yes,No,Social Worker,1,0
C018,S042,[Voice Transcript] Client requested assistance connecting with youth mentorship programs and academic tutoring resources. (Ref code: #142),Practice assertive communication with parents regarding academic choices.,Provide list of local youth mental health support drop-in centers.,Sensitive discussion regarding personal identity struggles and confidential family matters.,Yes,Yes,No,No,Counsellor,1,1
C019,S043,[Voice Transcript] Client requested assistance connecting with youth mentorship programs and academic tutoring resources. (Ref code: #143),Develop structured study schedule and stress reduction techniques.,Follow-up check-in call scheduled for next Tuesday at 3:00 PM.,General inquiry regarding routine stress management techniques.,Yes,Yes,Yes,No,Counsellor,1,0
C020,S044,Chat session: Client submitted blank messages repeatedly followed by a question about helpline hiring.,No specific long-term goal established.,No pending action recorded.,No sensitive personal history disclosed during session.,No,Yes,Yes,No,Counsellor,0,0
C021,S045,Chat session: Discussed conflict resolution with peers. Client set a target goal to talk to school counsellor. (Ref code: #145),Practice assertive communication with parents regarding academic choices.,Re-evaluate progress in next scheduled chat session on Friday.,Detailed private disclosure regarding past family dispute and personal medical treatment.,Yes,No,Yes,Yes,Counsellor,1,1
C022,S046,[Voice Transcript] Client called Helpline regarding severe exam anxiety and academic burnout. Discussed time management techniques. (Ref code: #146),Schedule follow-up meeting with school social worker.,Send digital mindfulness guide and grounding exercise PDF via email.,Standard academic planning conversation without sensitive personal disclosures.,Yes,Yes,Yes,No,Counsellor,1,0
C023,S047,Chat session: Client wanted resources for grief support following the recent loss of a grandparent. (Ref code: #147),Build a weekly routine balancing part-time employment and study.,Send digital mindfulness guide and grounding exercise PDF via email.,Standard academic planning conversation without sensitive personal disclosures.,Yes,Yes,Yes,No,Counsellor,1,0
C024,S048,Chat session: Client asked if the helpline offers merchandise or stickers.,No specific long-term goal established.,General follow-up.,Sensitive discussion regarding personal identity struggles and confidential family matters.,Yes,Yes,Yes,Yes,Counsellor,0,1
C025,S049,Chat session: Client sought guidance on managing panic symptoms during class presentations. Practiced deep breathing exercises. (Ref code: #149),Schedule follow-up meeting with school social worker.,Send digital mindfulness guide and grounding exercise PDF via email.,No sensitive personal history disclosed during session.,Yes,No,Yes,No,Social Worker,1,0
C001,S050,Chat session: Client asked for advice on balancing part-time work with high school assignments and setting healthy boundaries. (Ref code: #150),Schedule follow-up meeting with school social worker.,Contact school guidance department with client consent.,Standard academic planning conversation without sensitive personal disclosures.,Yes,Yes,Yes,No,Social Worker,1,0
C002,S051,Chat session: Youth reported persistent sleep issues related to school stress and requested a follow-up coping plan. (Ref code: #151),Access bereavement counselling resources and guidance.,Contact school guidance department with client consent.,Sensitive discussion regarding personal identity struggles and confidential family matters.,Yes,Yes,Yes,Yes,Counsellor,1,1
C003,S052,Chat session: Client asked if the helpline offers merchandise or stickers.,No specific long-term goal established.,General follow-up.,General inquiry regarding routine stress management techniques.,Yes,Yes,Yes,No,Social Worker,0,0
C004,S053,[Voice Transcript] Youth expressed feelings of isolation after moving to a new college campus and inquired about social clubs. (Ref code: #153),Schedule follow-up meeting with school social worker.,No pending action recorded.,General inquiry regarding routine stress management techniques.,Yes,Yes,No,No,Counsellor,1,0
C005,S054,Chat session: Client sought guidance on managing panic symptoms during class presentations. Practiced deep breathing exercises. (Ref code: #154),Schedule follow-up meeting with school social worker.,Follow-up check-in call scheduled for next Tuesday at 3:00 PM.,Disclosed highly personal family hardship and past psychological treatment history.,No,Yes,Yes,Yes,Counsellor,1,1
C006,S055,Chat session: Client sought guidance on managing panic symptoms during class presentations. Practiced deep breathing exercises. (Ref code: #155),Schedule follow-up meeting with school social worker.,Provide list of local youth mental health support drop-in centers.,No sensitive personal history disclosed during session.,Yes,Yes,Yes,No,Counsellor,1,0
C007,S056,[Voice Transcript] Caller inquired about office location and standard operational hours on public holidays.,No specific long-term goal established.,No pending action recorded.,General inquiry regarding routine stress management techniques.,Yes,Yes,Yes,No,Counsellor,0,0
C008,S057,[Voice Transcript] Client reported feeling overwhelmed by parental expectations and requested stress reduction strategies. (Ref code: #157),Improve sleep hygiene and practice grounding exercises daily.,Send digital mindfulness guide and grounding exercise PDF via email.,Disclosed highly personal family hardship and past psychological treatment history.,Yes,Yes,Yes,No,Counsellor,1,1
C009,S058,Chat session: Client wanted resources for grief support following the recent loss of a grandparent. (Ref code: #158),Schedule follow-up meeting with school social worker.,Provide list of local youth mental health support drop-in centers.,No sensitive personal history disclosed during session.,Yes,Yes,Yes,No,Counsellor,1,0
C010,S059,Chat session: Discussed conflict resolution with peers. Client set a target goal to talk to school counsellor. (Ref code: #159),Connect with peer support network and local community youth group.,Provide list of local youth mental health support drop-in centers.,Publicly available resource request regarding study strategies.,Yes,Yes,Yes,No,Counsellor,1,0
C011,S060,Chat session: Client sent accidental greetings and disconnected after 10 seconds.,No specific long-term goal established.,No pending action recorded.,Sensitive discussion regarding personal identity struggles and confidential family matters.,Yes,Yes,Yes,Yes,Counsellor,0,1
C012,S061,Chat session: Client sought guidance on managing panic symptoms during class presentations. Practiced deep breathing exercises. (Ref code: #161),Build a weekly routine balancing part-time employment and study.,Contact school guidance department with client consent.,Standard academic planning conversation without sensitive personal disclosures.,Yes,No,No,No,Counsellor,1,0
C013,S062,Chat session: Client wanted resources for grief support following the recent loss of a grandparent. (Ref code: #162),Access bereavement counselling resources and guidance.,Follow-up check-in call scheduled for next Tuesday at 3:00 PM.,Publicly available resource request regarding study strategies.,Yes,Yes,Yes,No,Counsellor,1,0
C014,S063,Chat session: Client asked for advice on balancing part-time work with high school assignments and setting healthy boundaries. (Ref code: #163),Connect with peer support network and local community youth group.,Send digital mindfulness guide and grounding exercise PDF via email.,Detailed private disclosure regarding past family dispute and personal medical treatment.,Yes,No,Yes,Yes,Counsellor,1,1
C015,S064,[Voice Transcript] Caller inquired about office location and standard operational hours on public holidays.,No specific long-term goal established.,No pending action recorded.,Standard academic planning conversation without sensitive personal disclosures.,Yes,Yes,Yes,No,Social Worker,0,0
C016,S065,Chat session: Client sought guidance on managing panic symptoms during class presentations. Practiced deep breathing exercises. (Ref code: #165),Access bereavement counselling resources and guidance.,Follow-up check-in call scheduled for next Tuesday at 3:00 PM.,Publicly available resource request regarding study strategies.,Yes,Yes,Yes,No,Counsellor,1,0
C017,S066,Chat session: Discussed conflict resolution with peers. Client set a target goal to talk to school counsellor. (Ref code: #166),Access bereavement counselling resources and guidance.,Provide list of local youth mental health support drop-in centers.,Shared confidential personal diary notes detailing deep emotional distress.,Yes,Yes,Yes,Yes,Counsellor,1,1
C018,S067,Chat session: Client asked for advice on balancing part-time work with high school assignments and setting healthy boundaries. (Ref code: #167),Improve sleep hygiene and practice grounding exercises daily.,No pending action recorded.,Publicly available resource request regarding study strategies.,Yes,Yes,Yes,No,Social Worker,1,0
C019,S068,[Voice Transcript] Brief connection test; client confirmed audio quality and thanked the operator.,No specific long-term goal established.,No pending action recorded.,General inquiry regarding routine stress management techniques.,Yes,Yes,Yes,No,Social Worker,0,0
C020,S069,[Voice Transcript] Client reported feeling overwhelmed by parental expectations and requested stress reduction strategies. (Ref code: #169),Develop structured study schedule and stress reduction techniques.,Send digital mindfulness guide and grounding exercise PDF via email.,Detailed private disclosure regarding past family dispute and personal medical treatment.,Yes,Yes,Yes,No,Counsellor,1,1
C021,S070,[Voice Transcript] Youth expressed feelings of isolation after moving to a new college campus and inquired about social clubs. (Ref code: #170),Schedule follow-up meeting with school social worker.,Re-evaluate progress in next scheduled chat session on Friday.,Publicly available resource request regarding study strategies.,Yes,Yes,Yes,No,Counsellor,1,0
C022,S071,Chat session: Client wanted resources for grief support following the recent loss of a grandparent. (Ref code: #171),Build a weekly routine balancing part-time employment and study.,Follow-up check-in call scheduled for next Tuesday at 3:00 PM.,Publicly available resource request regarding study strategies.,Yes,Yes,Yes,No,Social Worker,1,0
C023,S072,Chat session: Client submitted blank messages repeatedly followed by a question about helpline hiring.,No specific long-term goal established.,No pending action recorded.,Shared confidential personal diary notes detailing deep emotional distress.,Yes,Yes,Yes,No,Counsellor,0,1
C024,S073,Chat session: Client asked for advice on balancing part-time work with high school assignments and setting healthy boundaries. (Ref code: #173),Develop structured study schedule and stress reduction techniques.,Provide list of local youth mental health support drop-in centers.,General inquiry regarding routine stress management techniques.,Yes,Yes,Yes,No,Counsellor,1,0
C025,S074,[Voice Transcript] Client discussed family communication breakdown and wanted strategies for assertive conversation. (Ref code: #174),Practice assertive communication with parents regarding academic choices.,Re-evaluate progress in next scheduled chat session on Friday.,No sensitive personal history disclosed during session.,Yes,Yes,Yes,No,Social Worker,1,0
C001,S075,[Voice Transcript] Youth expressed feelings of isolation after moving to a new college campus and inquired about social clubs. (Ref code: #175),Improve sleep hygiene and practice grounding exercises daily.,Provide list of local youth mental health support drop-in centers.,Detailed private disclosure regarding past family dispute and personal medical treatment.,No,Yes,Yes,No,Counsellor,1,1
C002,S076,Chat session: Client submitted blank messages repeatedly followed by a question about helpline hiring.,No specific long-term goal established.,General follow-up.,Publicly available resource request regarding study strategies.,Yes,No,No,No,Counsellor,0,0
C003,S077,Chat session: Discussed conflict resolution with peers. Client set a target goal to talk to school counsellor. (Ref code: #177),Improve sleep hygiene and practice grounding exercises daily.,No pending action recorded.,No sensitive personal history disclosed during session.,Yes,Yes,Yes,No,Counsellor,1,0
C004,S078,Chat session: Client sought guidance on managing panic symptoms during class presentations. Practiced deep breathing exercises. (Ref code: #178),Access bereavement counselling resources and guidance.,Follow-up check-in call scheduled for next Tuesday at 3:00 PM.,Shared confidential personal diary notes detailing deep emotional distress.,Yes,No,Yes,Yes,Counsellor,1,1
C005,S079,Chat session: Client sought guidance on managing panic symptoms during class presentations. Practiced deep breathing exercises. (Ref code: #179),Connect with peer support network and local community youth group.,No pending action recorded.,General inquiry regarding routine stress management techniques.,Yes,Yes,Yes,No,Counsellor,1,0
C006,S080,[Voice Transcript] Caller inquired about office location and standard operational hours on public holidays.,No specific long-term goal established.,No pending action recorded.,Standard academic planning conversation without sensitive personal disclosures.,Yes,No,No,No,Social Worker,0,0
C007,S081,[Voice Transcript] Youth expressed feelings of isolation after moving to a new college campus and inquired about social clubs. (Ref code: #181),Connect with peer support network and local community youth group.,No pending action recorded.,Detailed private disclosure regarding past family dispute and personal medical treatment.,No,Yes,Yes,No,Counsellor,1,1
C008,S082,[Voice Transcript] Client requested assistance connecting with youth mentorship programs and academic tutoring resources. (Ref code: #182),Access bereavement counselling resources and guidance.,No pending action recorded.,No sensitive personal history disclosed during session.,Yes,Yes,No,No,Counsellor,1,0
C009,S083,Chat session: Discussed conflict resolution with peers. Client set a target goal to talk to school counsellor. (Ref code: #183),Develop structured study schedule and stress reduction techniques.,Re-evaluate progress in next scheduled chat session on Friday.,General inquiry regarding routine stress management techniques.,No,Yes,Yes,No,Social Worker,1,0
C010,S084,[Voice Transcript] Misdialed number; caller realized mistake and hung up after asking for local bus timing.,No specific long-term goal established.,No pending action recorded.,Disclosed highly personal family hardship and past psychological treatment history.,Yes,Yes,Yes,Yes,Counsellor,0,1
C011,S085,[Voice Transcript] Client requested assistance connecting with youth mentorship programs and academic tutoring resources. (Ref code: #185),Practice assertive communication with parents regarding academic choices.,Re-evaluate progress in next scheduled chat session on Friday.,Publicly available resource request regarding study strategies.,Yes,Yes,Yes,No,Social Worker,1,0
C012,S086,Chat session: Client sought guidance on managing panic symptoms during class presentations. Practiced deep breathing exercises. (Ref code: #186),Access bereavement counselling resources and guidance.,Follow-up check-in call scheduled for next Tuesday at 3:00 PM.,General inquiry regarding routine stress management techniques.,Yes,Yes,Yes,No,Counsellor,1,0
C013,S087,[Voice Transcript] Youth expressed feelings of isolation after moving to a new college campus and inquired about social clubs. (Ref code: #187),Schedule follow-up meeting with school social worker.,Follow-up check-in call scheduled for next Tuesday at 3:00 PM.,Disclosed highly personal family hardship and past psychological treatment history.,Yes,Yes,Yes,Yes,Counsellor,1,1
C014,S088,[Voice Transcript] Misdialed number; caller realized mistake and hung up after asking for local bus timing.,No specific long-term goal established.,General follow-up.,General inquiry regarding routine stress management techniques.,Yes,Yes,Yes,No,Social Worker,0,0
C015,S089,[Voice Transcript] Youth expressed feelings of isolation after moving to a new college campus and inquired about social clubs. (Ref code: #189),Connect with peer support network and local community youth group.,Re-evaluate progress in next scheduled chat session on Friday.,Standard academic planning conversation without sensitive personal disclosures.,Yes,Yes,Yes,No,Counsellor,1,0
C016,S090,Chat session: Youth reported persistent sleep issues related to school stress and requested a follow-up coping plan. (Ref code: #190),Schedule follow-up meeting with school social worker.,Send digital mindfulness guide and grounding exercise PDF via email.,Disclosed highly personal family hardship and past psychological treatment history.,Yes,Yes,Yes,No,Counsellor,1,1
C017,S091,[Voice Transcript] Client reported feeling overwhelmed by parental expectations and requested stress reduction strategies. (Ref code: #191),Schedule follow-up meeting with school social worker.,Provide list of local youth mental health support drop-in centers.,General inquiry regarding routine stress management techniques.,Yes,Yes,Yes,No,Social Worker,1,0
C018,S092,[Voice Transcript] Caller asked for technical support regarding their mobile phone settings.,No specific long-term goal established.,No pending action recorded.,Standard academic planning conversation without sensitive personal disclosures.,Yes,Yes,Yes,No,Counsellor,0,0
C019,S093,[Voice Transcript] Client reported feeling overwhelmed by parental expectations and requested stress reduction strategies. (Ref code: #193),Practice assertive communication with parents regarding academic choices.,Contact school guidance department with client consent.,Client disclosed private personal health history and emotional trauma details.,Yes,Yes,Yes,No,Counsellor,1,1
C020,S094,[Voice Transcript] Client reported feeling overwhelmed by parental expectations and requested stress reduction strategies. (Ref code: #194),Improve sleep hygiene and practice grounding exercises daily.,Contact school guidance department with client consent.,No sensitive personal history disclosed during session.,Yes,Yes,Yes,No,Social Worker,1,0
C021,S095,Chat session: Client asked for advice on balancing part-time work with high school assignments and setting healthy boundaries. (Ref code: #195),Develop structured study schedule and stress reduction techniques.,Follow-up check-in call scheduled for next Tuesday at 3:00 PM.,General inquiry regarding routine stress management techniques.,Yes,Yes,Yes,No,Social Worker,1,0
C022,S096,[Voice Transcript] Brief connection test; client confirmed audio quality and thanked the operator.,No specific long-term goal established.,General follow-up.,Client disclosed private personal health history and emotional trauma details.,Yes,No,Yes,No,Counsellor,0,1
C023,S097,[Voice Transcript] Client discussed family communication breakdown and wanted strategies for assertive conversation. (Ref code: #197),Access bereavement counselling resources and guidance.,Re-evaluate progress in next scheduled chat session on Friday.,General inquiry regarding routine stress management techniques.,No,Yes,Yes,No,Social Worker,1,0
C024,S098,Chat session: Client wanted resources for grief support following the recent loss of a grandparent. (Ref code: #198),Access bereavement counselling resources and guidance.,Re-evaluate progress in next scheduled chat session on Friday.,Standard academic planning conversation without sensitive personal disclosures.,Yes,Yes,Yes,No,Social Worker,1,0
C025,S099,Chat session: Client wanted resources for grief support following the recent loss of a grandparent. (Ref code: #199),Connect with peer support network and local community youth group.,Contact school guidance department with client consent.,Shared confidential personal diary notes detailing deep emotional distress.,Yes,Yes,Yes,Yes,Counsellor,1,1
C001,S100,[Voice Transcript] Caller asked for technical support regarding their mobile phone settings.,No specific long-term goal established.,No pending action recorded.,General inquiry regarding routine stress management techniques.,Yes,Yes,Yes,No,Social Worker,0,0
C002,S101,[Voice Transcript] Client called Helpline regarding severe exam anxiety and academic burnout. Discussed time management techniques. (Ref code: #201),Connect with peer support network and local community youth group.,Provide list of local youth mental health support drop-in centers.,Publicly available resource request regarding study strategies.,Yes,Yes,Yes,No,Counsellor,1,0
C003,S102,Chat session: Client asked for advice on balancing part-time work with high school assignments and setting healthy boundaries. (Ref code: #202),Develop structured study schedule and stress reduction techniques.,No pending action recorded.,Detailed private disclosure regarding past family dispute and personal medical treatment.,Yes,Yes,Yes,Yes,Counsellor,1,1
C004,S103,Chat session: Client sought guidance on managing panic symptoms during class presentations. Practiced deep breathing exercises. (Ref code: #203),Connect with peer support network and local community youth group.,Follow-up check-in call scheduled for next Tuesday at 3:00 PM.,Standard academic planning conversation without sensitive personal disclosures.,Yes,Yes,Yes,No,Social Worker,1,0
C005,S104,Chat session: Client sent accidental greetings and disconnected after 10 seconds.,No specific long-term goal established.,No pending action recorded.,General inquiry regarding routine stress management techniques.,Yes,Yes,Yes,No,Social Worker,0,0
C006,S105,[Voice Transcript] Client requested assistance connecting with youth mentorship programs and academic tutoring resources. (Ref code: #205),Practice assertive communication with parents regarding academic choices.,Re-evaluate progress in next scheduled chat session on Friday.,Disclosed highly personal family hardship and past psychological treatment history.,Yes,Yes,Yes,Yes,Counsellor,1,1
